taoID,ArtID,tcID,tavID
1,1,5,1
2,1,5,2
3,1,4,3
4,1,4,4
5,1,4,5
6,2,25,1
7,2,25,2
8,2,11,3
9,2,11,4
10,2,11,6
11,2,11,5
12,3,34,1
13,3,34,7
14,3,30,4
15,3,30,8
16,4,47,1
17,4,47,2
18,4,40,3
19,4,40,4
20,4,40,9
21,4,40,6
22,4,40,5
23,5,55,1
24,5,55,2
25,5,52,3
26,5,52,5
27,5,52,4
28,5,52,9
29,5,52,10
30,5,52,6
31,6,61,1
32,6,61,2
33,6,56,3
34,6,56,4
35,6,56,11
36,6,56,5
37,7,67,1
38,7,67,2
39,7,65,4
40,7,65,11
41,8,76,1
42,8,76,2
43,8,68,12
44,8,68,3
45,8,68,11
46,9,96,13
47,9,96,14
48,9,78,12
49,9,78,15
50,9,78,16
51,9,78,11
52,10,114,13
53,10,114,17
54,10,114,18
55,10,114,14
56,10,99,19
57,10,99,12
58,10,99,3
59,10,99,10
60,10,99,11
61,10,99,20
62,11,122,13
63,11,122,2
64,11,116,3
65,11,116,20
66,12,135,13
67,12,135,18
68,12,135,2
69,12,126,10
70,12,126,20
71,13,156,1
72,13,156,2
73,13,136,21
74,13,136,4
75,13,136,3
76,13,138,3
77,13,138,21
78,13,138,4
79,14,172,1
80,14,172,2
81,14,159,3
82,14,159,21
83,14,159,4
84,15,255,18
85,15,255,13
86,15,174,19
87,15,174,3
88,15,174,15
89,15,174,10
90,15,174,20
91,15,174,21
92,16,261,1
93,16,258,3
94,16,258,4
95,16,258,11
96,17,276,1
97,17,276,2
98,17,264,3
99,17,264,4
100,17,264,6
101,18,296,1
102,18,279,3
103,18,279,4
104,18,279,6
105,19,305,1
106,19,305,2
107,19,299,3
108,19,299,4
109,19,299,11
110,20,324,13
111,20,324,18
112,20,324,2
113,20,308,12
114,20,308,3
115,20,308,20
116,20,308,11
117,21,351,22
118,21,351,13
119,21,351,17
120,21,351,14
121,21,351,2
122,21,325,20
123,21,325,11
124,21,326,20
125,21,326,11
126,21,327,20
127,21,327,11
128,21,328,20
129,21,328,23
130,21,328,11
131,21,328,21
132,21,329,10
133,21,329,24
134,21,329,11
135,21,330,4
136,21,330,25
137,21,331,26
138,21,331,20
139,21,331,23
140,21,331,11
141,21,332,12
142,21,332,27
143,21,332,20
144,21,332,23
145,21,332,28
146,21,332,21
147,21,332,11
148,21,333,12
149,21,333,26
150,21,333,16
151,21,333,28
152,21,333,21
153,21,333,11
154,21,333,25
155,21,333,5
156,21,334,12
157,21,334,23
158,21,334,28
159,21,334,11
160,21,336,4
161,21,336,11
162,21,337,4
163,21,337,11
164,21,338,20
165,21,338,23
166,21,338,11
167,21,339,12
168,21,339,26
169,21,339,20
170,21,339,21
171,21,339,11
172,21,339,5
173,21,340,12
174,21,340,21
175,21,340,11
176,21,340,5
177,21,341,21
178,21,341,11
179,21,342,12
180,21,342,23
181,21,342,21
182,21,342,11
183,21,343,12
184,21,343,29
185,21,343,21
186,21,343,11
187,21,344,12
188,21,344,4
189,21,344,23
190,21,344,21
191,21,344,11
192,21,345,12
193,21,345,27
194,21,345,28
195,21,345,21
196,21,345,11
197,21,345,25
198,21,346,12
199,21,346,26
200,21,346,27
201,21,346,21
202,21,346,11
203,21,346,8
204,21,347,12
205,21,347,27
206,21,347,23
207,21,347,28
208,21,347,21
209,21,347,11
210,21,325,30
211,21,325,31
212,21,326,32
213,21,326,33
214,21,326,34
215,21,326,35
216,21,326,36
217,21,326,37
218,21,326,38
219,21,326,39
220,21,326,40
221,21,327,31
222,21,327,41
223,21,327,42
224,21,327,43
225,21,327,44
226,21,327,45
227,21,328,46
228,21,328,31
229,21,328,47
230,21,329,46
231,21,329,47
232,21,330,46
233,21,331,48
234,21,331,46
235,21,331,49
236,21,332,48
237,21,333,50
238,21,333,48
239,21,333,51
240,21,334,49
241,21,336,48
242,21,336,49
243,21,336,52
244,21,337,48
245,21,337,53
246,21,337,54
247,21,337,55
248,21,337,56
249,21,337,57
250,21,337,49
251,21,337,58
252,21,337,59
253,21,338,57
254,21,338,60
255,21,338,61
256,21,339,48
257,21,339,49
258,21,340,62
259,21,340,48
260,21,341,62
261,21,342,48
262,21,342,62
263,21,343,34
264,21,343,48
265,21,344,48
266,21,345,63
267,21,345,64
268,21,345,65
269,21,345,66
270,21,345,48
271,21,345,49
272,21,346,63
273,21,346,67
274,21,346,68
275,21,346,49
276,21,346,46
277,21,347,49
278,21,347,69
279,21,347,63
280,21,347,70
281,21,347,71
282,21,348,61
283,21,325,72
284,21,326,73
285,21,326,74
286,21,326,75
287,21,326,72
288,21,326,76
289,21,327,72
290,21,327,77
291,21,327,78
292,21,327,79
293,21,327,80
294,21,328,72
295,21,328,81
296,21,328,82
297,21,328,83
298,21,329,72
299,21,330,84
300,21,331,72
301,21,331,85
302,21,332,72
303,21,332,86
304,21,333,72
305,21,334,72
306,21,336,72
307,21,336,87
308,21,337,72
309,21,337,88
310,21,338,72
311,21,338,89
312,21,338,90
313,21,340,72
314,21,341,72
315,21,342,72
316,21,344,72
317,21,346,72
318,21,348,72
319,21,325,91
320,21,326,91
321,21,326,92
322,21,326,93
323,21,326,94
324,21,326,95
325,21,326,96
326,21,327,91
327,21,327,94
328,21,327,93
329,21,327,97
330,21,327,98
331,21,327,99
332,21,327,100
333,21,328,91
334,21,328,95
335,21,329,91
336,21,330,91
337,21,331,101
338,21,332,91
339,21,333,91
340,21,334,91
341,21,336,102
342,21,336,103
343,21,336,104
344,21,336,91
345,21,337,95
346,21,337,91
347,21,338,105
348,21,338,106
349,21,338,107
350,21,338,91
351,21,339,104
352,21,339,91
353,21,342,91
354,21,342,108
355,21,342,109
356,21,343,91
357,21,343,110
358,21,343,111
359,21,344,91
360,21,344,94
361,21,344,112
362,21,344,101
363,21,344,113
364,21,344,114
365,21,344,115
366,21,344,116
367,21,344,117
368,21,344,118
369,21,344,119
370,21,344,120
371,21,344,121
372,21,344,122
373,21,344,123
374,21,344,124
375,21,344,125
376,21,344,126
377,21,344,127
378,21,344,128
379,21,344,129
380,21,344,130
381,21,344,131
382,21,344,132
383,21,344,133
384,21,344,134
385,21,344,135
386,21,344,136
387,21,344,137
388,21,344,138
389,21,344,139
390,21,344,140
391,21,344,141
392,21,344,142
393,21,344,143
394,21,344,144
395,21,344,145
396,21,344,146
397,21,344,147
398,21,344,148
399,21,344,149
400,21,344,150
401,21,344,151
402,21,344,152
403,21,344,153
404,21,344,154
405,21,345,99
406,21,345,155
407,21,345,156
408,21,345,91
409,21,346,157
410,21,347,146
411,21,347,91
412,22,355,1
413,22,355,17
414,22,352,4
415,22,355,30
416,23,360,1
417,23,360,17
418,23,356,4
419,23,356,20
420,23,356,28
421,23,360,39
422,24,363,13
423,24,363,17
424,24,363,14
425,24,363,18
426,24,361,12
427,24,361,20
428,24,361,6
429,24,361,11
430,24,361,5
431,25,367,1
432,25,367,17
433,25,364,4
434,25,367,31
435,26,373,13
436,26,373,18
437,26,368,20
438,26,368,11
439,26,373,31
440,26,368,158
441,26,368,159
442,26,368,160
443,26,368,161
444,26,368,162
445,26,368,163
446,26,369,48
447,26,370,164
448,26,370,37
449,26,370,165
450,26,370,166
451,26,370,45
452,26,370,167
453,26,370,168
454,26,370,169
455,26,370,170
456,26,370,171
457,26,370,55
458,26,370,53
459,26,370,60
460,26,370,57
461,26,370,172
462,26,371,48
463,26,371,51
464,26,372,48
465,26,372,57
466,26,370,90
467,26,370,89
468,26,371,173
469,27,374,12
470,27,374,20
471,27,374,174
472,27,374,23
473,27,374,11
474,27,374,5
475,27,374,175
476,27,375,176
477,27,375,177
478,27,378,42
479,27,381,178
480,27,384,48
481,27,384,45
482,27,384,172
483,27,387,179
484,27,389,180
485,27,391,39
486,27,391,37
487,27,393,49
488,28,415,22
489,28,415,13
490,28,415,14
491,28,415,18
492,28,396,10
493,28,396,181
494,28,396,9
495,28,396,24
496,28,396,182
497,28,396,5
498,28,397,10
499,28,397,181
500,28,397,9
501,28,397,24
502,28,397,182
503,28,397,5
504,28,398,10
505,28,398,181
506,28,398,9
507,28,398,182
508,28,398,5
509,28,399,9
510,28,399,24
511,28,399,5
512,28,400,12
513,28,400,9
514,28,400,24
515,28,400,183
516,28,400,5
517,28,401,26
518,28,401,181
519,28,401,9
520,28,401,23
521,28,401,28
522,28,401,5
523,28,402,4
524,28,402,9
525,28,402,23
526,28,402,28
527,28,402,5
528,28,403,4
529,28,403,9
530,28,403,28
531,28,403,183
532,28,403,5
533,28,404,12
534,28,404,15
535,28,404,181
536,28,404,4
537,28,404,9
538,28,404,23
539,28,404,5
540,28,405,29
541,28,405,4
542,28,405,9
543,28,405,5
544,28,406,12
545,28,406,9
546,28,406,28
547,28,406,5
548,28,408,12
549,28,408,9
550,28,408,23
551,28,408,28
552,28,408,5
553,28,409,9
554,28,409,28
555,28,409,5
556,28,410,29
557,28,410,9
558,28,410,5
559,28,396,184
560,28,397,185
561,28,397,184
562,28,397,186
563,28,397,187
564,28,397,188
565,28,397,189
566,28,398,190
567,28,398,186
568,28,398,191
569,28,399,192
570,28,399,193
571,28,399,194
572,28,399,195
573,28,400,194
574,28,400,186
575,28,401,194
576,28,402,194
577,28,402,186
578,28,402,193
579,28,403,194
580,28,404,196
581,28,404,194
582,28,404,197
583,28,404,198
584,28,404,199
585,28,404,186
586,28,404,200
587,28,404,201
588,28,404,202
589,28,405,203
590,28,405,190
591,28,405,204
592,28,405,189
593,28,405,194
594,28,406,194
595,28,406,205
596,28,407,190
597,28,408,186
598,28,408,200
599,28,409,206
600,28,410,206
601,28,397,207
602,28,398,208
603,28,399,209
604,28,405,210
605,28,406,211
606,28,408,208
607,28,408,212
608,28,396,213
609,28,402,102
610,28,402,213
611,28,402,214
612,28,404,213
613,28,405,154
614,28,405,215
615,28,406,216
616,28,406,214
617,28,406,213
618,28,407,217
619,28,407,218
620,28,408,213
621,28,408,154
622,28,409,102
623,28,409,219
624,29,441,1
625,29,441,17
626,29,441,2
627,29,417,4
628,29,418,4
629,29,418,21
630,29,419,4
631,29,419,16
632,29,419,23
633,29,419,21
634,29,420,4
635,29,420,21
636,29,426,4
637,29,426,11
638,29,427,15
639,29,427,28
640,29,428,4
641,29,428,28
642,29,428,11
643,29,429,4
644,29,429,11
645,29,432,26
646,29,432,4
647,29,432,11
648,29,433,4
649,29,433,11
650,29,416,220
651,29,417,200
652,29,418,221
653,29,418,222
654,29,418,186
655,29,419,223
656,29,419,190
657,29,419,224
658,29,420,221
659,29,421,221
660,29,422,221
661,29,422,186
662,29,423,190
663,29,423,225
664,29,425,221
665,29,426,226
666,29,426,220
667,29,426,227
668,29,427,190
669,29,427,228
670,29,427,226
671,29,427,229
672,29,427,230
673,29,427,231
674,29,427,232
675,29,428,226
676,29,428,221
677,29,428,186
678,29,428,233
679,29,428,234
680,29,428,235
681,29,428,228
682,29,428,229
683,29,428,190
684,29,429,220
685,29,430,220
686,29,430,188
687,29,430,224
688,29,430,229
689,29,430,236
690,29,430,237
691,29,430,238
692,29,430,186
693,29,430,221
694,29,431,229
695,29,431,220
696,29,431,239
697,29,431,224
698,29,431,240
699,29,431,241
700,29,431,242
701,29,431,243
702,29,431,244
703,29,431,189
704,29,431,245
705,29,432,220
706,29,433,220
707,29,433,224
708,29,433,239
709,29,433,246
710,29,433,247
711,29,433,248
712,29,433,249
713,29,433,250
714,29,433,251
715,29,433,252
716,29,434,253
717,29,434,224
718,29,434,254
719,29,435,253
720,29,435,220
721,29,435,255
722,29,435,242
723,29,435,231
724,29,435,256
725,29,435,224
726,29,435,229
727,29,435,257
728,29,435,258
729,29,441,259
730,29,416,260
731,29,416,259
732,29,417,212
733,29,418,261
734,29,418,208
735,29,421,262
736,29,421,212
737,29,422,261
738,29,422,263
739,29,423,264
740,29,423,265
741,29,426,266
742,29,427,259
743,29,427,267
744,29,427,265
745,29,427,268
746,29,427,269
747,29,427,270
748,29,427,271
749,29,428,259
750,29,428,272
751,29,429,259
752,29,429,273
753,29,429,274
754,29,429,275
755,29,429,276
756,29,430,207
757,29,431,259
758,29,432,259
759,29,433,259
760,29,434,259
761,29,435,259
762,29,435,277
763,29,435,278
764,29,441,154
765,29,418,154
766,29,419,279
767,29,421,280
768,29,422,91
769,29,422,281
770,29,423,152
771,29,423,282
772,29,423,154
773,29,427,283
774,29,427,284
775,29,427,285
776,29,427,286
777,29,427,152
778,29,427,280
779,29,430,281
780,29,430,287
781,29,430,91
782,29,431,279
783,29,431,101
784,29,431,154
785,29,431,288
786,29,433,279
787,30,467,22
788,30,467,7
789,30,467,13
790,30,467,14
791,30,467,18
792,30,467,2
793,30,442,12
794,30,442,26
795,30,442,20
796,30,442,11
797,30,442,5
798,30,444,12
799,30,444,4
800,30,444,20
801,30,444,11
802,30,445,12
803,30,445,20
804,30,445,11
805,30,450,26
806,30,450,181
807,30,450,20
808,30,450,11
809,30,451,12
810,30,451,10
811,30,451,181
812,30,451,20
813,30,451,23
814,30,451,182
815,30,451,11
816,30,451,5
817,30,453,12
818,30,453,26
819,30,453,20
820,30,453,11
821,30,453,5
822,30,454,12
823,30,454,10
824,30,454,11
825,30,454,5
826,30,456,12
827,30,456,181
828,30,456,20
829,30,456,19
830,30,456,11
831,30,457,24
832,30,457,6
833,30,457,19
834,30,457,11
835,30,457,25
836,30,457,8
837,30,458,12
838,30,458,181
839,30,458,20
840,30,458,24
841,30,458,19
842,30,458,11
843,30,458,25
844,30,458,8
845,30,459,12
846,30,459,20
847,30,459,19
848,30,459,11
849,30,460,12
850,30,460,11
851,30,460,183
852,30,460,8
853,30,461,12
854,30,461,26
855,30,461,20
856,30,461,28
857,30,461,11
858,30,442,200
859,30,442,289
860,30,442,290
861,30,442,188
862,30,442,187
863,30,442,291
864,30,443,200
865,30,444,200
866,30,444,186
867,30,444,292
868,30,444,293
869,30,444,188
870,30,444,294
871,30,444,223
872,30,444,295
873,30,445,200
874,30,445,296
875,30,445,297
876,30,445,298
877,30,445,189
878,30,445,299
879,30,446,200
880,30,446,186
881,30,446,188
882,30,446,190
883,30,446,203
884,30,446,300
885,30,446,301
886,30,446,302
887,30,447,200
888,30,447,189
889,30,447,303
890,30,447,304
891,30,447,305
892,30,448,200
893,30,448,300
894,30,448,306
895,30,448,302
896,30,448,307
897,30,448,308
898,30,448,309
899,30,448,304
900,30,448,305
901,30,449,196
902,30,449,310
903,30,449,311
904,30,449,300
905,30,449,200
906,30,450,312
907,30,450,313
908,30,450,314
909,30,450,315
910,30,450,316
911,30,450,200
912,30,450,317
913,30,451,186
914,30,451,318
915,30,451,196
916,30,451,200
917,30,453,200
918,30,454,200
919,30,454,186
920,30,454,301
921,30,454,319
922,30,454,320
923,30,455,200
924,30,455,186
925,30,456,321
926,30,456,322
927,30,456,200
928,30,457,323
929,30,457,200
930,30,457,324
931,30,457,325
932,30,457,317
933,30,458,326
934,30,458,327
935,30,458,328
936,30,459,200
937,30,459,301
938,30,460,200
939,30,460,329
940,30,460,191
941,30,460,192
942,30,461,200
943,30,461,330
944,30,462,200
945,30,462,331
946,30,442,207
947,30,443,212
948,30,443,332
949,30,444,333
950,30,444,334
951,30,444,335
952,30,444,207
953,30,444,270
954,30,445,212
955,30,445,336
956,30,446,207
957,30,446,337
958,30,446,212
959,30,447,212
960,30,448,212
961,30,449,338
962,30,449,339
963,30,449,212
964,30,450,332
965,30,454,208
966,30,455,270
967,30,455,212
968,30,456,212
969,30,457,212
970,30,459,212
971,30,460,212
972,30,461,212
973,30,442,340
974,30,443,154
975,30,443,280
976,30,443,213
977,30,444,213
978,30,444,152
979,30,445,154
980,30,445,341
981,30,445,342
982,30,445,343
983,30,445,150
984,30,445,344
985,30,445,345
986,30,445,346
987,30,445,347
988,30,445,213
989,30,445,348
990,30,445,349
991,30,445,350
992,30,446,154
993,30,446,280
994,30,447,213
995,30,447,351
996,30,447,352
997,30,447,279
998,30,447,353
999,30,448,354
1000,30,449,355
1001,30,449,213
1002,30,450,356
1003,30,450,154
1004,30,450,357
1005,30,450,148
1006,30,453,213
1007,30,454,213
1008,30,454,217
1009,30,454,357
1010,30,454,354
1011,30,458,353
1012,30,458,358
1013,30,458,218
1014,30,458,152
1015,30,458,350
1016,30,458,279
1017,30,461,359
1018,30,462,279
3450,31,1944,280
3449,31,1944,153
3448,31,1943,413
3447,31,1943,95
3446,31,1941,280
3445,31,1941,154
3444,31,1939,102
3443,31,1939,409
3442,31,1939,411
3441,31,1937,152
3440,31,1934,121
3439,31,1934,356
3438,31,1934,153
3437,31,1934,412
3436,31,1934,409
3435,31,1934,411
3434,31,1934,154
3433,31,1934,410
3432,31,1933,279
3431,31,1933,409
3430,31,1933,408
3429,31,1933,407
3428,31,1933,406
3427,31,1933,102
3426,31,1933,214
3425,31,1933,349
3424,31,1933,91
3423,31,1933,148
3422,31,1933,281
3421,31,1933,154
3420,31,1932,91
3419,31,1932,153
3418,31,1930,405
3417,31,1930,404
3416,31,1930,154
3415,31,1929,403
3414,31,1929,280
3413,31,1929,402
3412,31,1928,116
3411,31,1928,401
3410,31,1928,91
3409,31,1928,154
3408,31,1928,279
3407,31,1927,398
3406,31,1927,102
3405,31,1927,154
3404,31,1927,400
3403,31,1927,152
3402,31,1927,399
3401,31,1926,398
3400,31,1926,102
3399,31,1926,280
3398,31,1926,154
3397,31,1926,213
3396,31,1926,279
3395,31,1944,397
3394,31,1944,339
3393,31,1944,396
3392,31,1944,259
3391,31,1944,207
3390,31,1944,212
3389,31,1944,395
3388,31,1943,72
3387,31,1940,212
3386,31,1940,394
3385,31,1940,334
3384,31,1940,393
3383,31,1940,207
3382,31,1939,207
3381,31,1939,82
3380,31,1938,207
3379,31,1936,207
3378,31,1935,207
3377,31,1935,392
3376,31,1934,391
3375,31,1934,390
3374,31,1934,207
3373,31,1933,389
3372,31,1933,207
3371,31,1933,386
3370,31,1932,388
3369,31,1932,387
3368,31,1932,386
3367,31,1932,334
3366,31,1932,207
3365,31,1931,386
3364,31,1930,207
3363,31,1930,334
3362,31,1930,385
3361,31,1929,207
3360,31,1928,384
3359,31,1928,207
3358,31,1928,212
3357,31,1927,207
3356,31,1927,383
3355,31,1926,207
3354,31,1944,300
3353,31,1944,317
3352,31,1944,370
3351,31,1944,188
3350,31,1943,188
3349,31,1942,200
3348,31,1942,188
3347,31,1941,300
3346,31,1941,200
3345,31,1941,188
3344,31,1940,300
3343,31,1940,370
3342,31,1940,187
3341,31,1940,188
3340,31,1939,382
3339,31,1939,378
3338,31,1939,188
3337,31,1938,188
3336,31,1937,188
3335,31,1936,188
3334,31,1935,188
3333,31,1935,189
3332,31,1934,381
3331,31,1934,380
3330,31,1934,379
3329,31,1934,229
3328,31,1934,188
3327,31,1934,378
3326,31,1934,375
3325,31,1933,188
3324,31,1933,375
3323,31,1932,229
3322,31,1932,375
3321,31,1932,377
3320,31,1932,242
3319,31,1931,373
3318,31,1931,376
3317,31,1931,375
3316,31,1931,242
3315,31,1931,188
3314,31,1931,189
3313,31,1931,374
3312,31,1930,374
3311,31,1930,227
3310,31,1930,189
3309,31,1930,373
3308,31,1930,372
3307,31,1930,371
3306,31,1930,248
3305,31,1929,200
3304,31,1929,300
3303,31,1929,370
3302,31,1929,360
3301,31,1929,188
3300,31,1928,185
3299,31,1928,369
3298,31,1928,368
3297,31,1928,362
3296,31,1928,367
3295,31,1928,172
3294,31,1928,229
3293,31,1928,189
3292,31,1928,366
3291,31,1928,188
3290,31,1927,242
3289,31,1927,360
3288,31,1927,365
3287,31,1927,172
3286,31,1927,362
3285,31,1927,364
3284,31,1926,363
3283,31,1926,362
3282,31,1926,188
3281,31,1926,322
3280,31,1926,321
3279,31,1926,361
3278,31,1926,360
3277,31,1944,11
3276,31,1944,20
3275,31,1944,26
3274,31,1940,5
3273,31,1940,11
3272,31,1940,23
3271,31,1940,20
3270,31,1939,11
3269,31,1939,20
3268,31,1939,15
3267,31,1938,11
3266,31,1938,20
3265,31,1938,181
3264,31,1938,10
3263,31,1935,5
3262,31,1935,11
3261,31,1935,20
3260,31,1934,11
3259,31,1934,20
3258,31,1934,4
3257,31,1934,10
3256,31,1930,11
3255,31,1930,23
3254,31,1930,20
3253,31,1928,11
3252,31,1928,23
3251,31,1928,20
3250,31,1928,10
3249,31,1927,11
3248,31,1927,20
3247,31,1926,5
3246,31,1926,11
3245,31,1926,19
3244,31,1926,23
3243,31,1926,20
3242,31,1949,2
3241,31,1949,18
3240,31,1949,13
1230,32,531,18
1231,32,492,3
1232,32,492,15
1233,32,492,21
1234,32,492,23
1235,33,554,18
1236,33,532,15
1237,33,532,21
1238,33,532,23
1239,34,568,1
1240,34,555,3
1241,34,555,25
1242,34,555,23
1243,34,555,8
1244,35,572,13
1245,35,569,3
1246,35,569,15
1247,35,569,11
1248,35,569,20
1249,35,569,23
1250,36,589,18
1251,36,573,15
1252,36,573,21
1253,36,573,4
1254,36,573,23
1255,36,573,28
1256,37,605,18
1257,37,590,19
1258,37,590,15
1259,37,590,21
1260,37,590,23
1261,38,614,18
1262,38,606,414
1263,38,606,21
1264,38,606,23
1265,39,668,18
1266,39,615,21
1267,39,615,15
1268,39,615,23
1269,40,703,1
1270,40,703,17
1271,40,670,3
1272,40,670,21
1273,40,670,4
1274,41,720,18
1275,41,704,19
1276,41,704,15
1277,41,704,21
1278,41,704,23
1279,42,738,1
1280,42,721,26
1281,42,721,21
1282,42,721,25
1283,42,721,23
1284,42,721,8
1285,43,764,1
1286,43,739,26
1287,43,739,21
1288,43,739,25
1289,43,739,23
1290,43,739,8
1291,44,788,1
1292,44,765,26
1293,44,765,21
1294,44,765,25
1295,44,765,23
1296,44,765,8
1297,45,807,1
1298,45,789,26
1299,45,789,21
1300,45,789,25
1301,45,789,23
1302,45,789,8
1303,46,823,18
1304,46,808,15
1305,46,808,21
1306,46,808,23
1307,47,837,22
1308,47,837,17
1309,47,826,28
1310,48,852,13
1311,48,852,17
1312,48,852,2
1313,48,852,18
1314,48,838,3
1315,48,838,20
1316,49,866,13
1317,49,866,17
1318,49,866,2
1319,49,866,18
1320,49,853,15
1321,49,853,21
1322,49,853,23
1323,50,903,13
1324,50,903,17
1325,50,903,2
1326,50,903,18
1327,50,871,12
1328,50,871,3
1329,50,871,10
1330,50,871,11
1331,50,871,20
1332,50,871,23
1333,51,954,18
1334,51,904,15
1335,51,904,21
1336,51,904,23
1337,52,1004,18
1338,52,955,15
1339,52,955,21
1340,52,955,11
1341,52,955,25
1342,52,955,23
1343,53,1010,1
1344,53,1010,2
1345,53,1005,3
1346,53,1005,4
1347,53,1005,11
1348,54,1022,18
1349,54,1011,19
1350,54,1011,15
1351,54,1011,21
1352,54,1011,23
1353,55,1041,1
1354,55,1041,2
1355,55,1023,4
1356,55,1023,11
1357,56,1046,18
1358,56,1042,15
1359,56,1042,21
1360,57,1076,18
1361,57,1048,15
1362,57,1048,181
1363,57,1048,23
1364,57,1048,28
1365,57,1048,19
1366,57,1057,181
1367,57,1057,28
1368,57,1059,15
1369,57,1059,181
1370,57,1059,23
1371,57,1058,415
1372,57,1059,416
1373,57,1060,416
1374,57,1062,415
1375,57,1072,417
1376,57,1058,418
1377,57,1059,419
1378,57,1067,420
1379,57,1070,421
1380,57,1071,422
1381,57,1052,423
1382,57,1052,424
1383,57,1052,425
1384,57,1053,148
1385,57,1053,146
1386,57,1053,426
1387,57,1053,425
1388,57,1053,424
1389,57,1054,425
1390,57,1054,424
1391,57,1055,424
1392,57,1055,427
1393,57,1055,428
1394,57,1056,427
1395,57,1057,424
1396,57,1057,428
1397,57,1057,427
1398,57,1058,424
1399,57,1058,429
1400,57,1058,430
1401,57,1059,425
1402,57,1059,424
1403,57,1059,431
1404,57,1060,432
1405,57,1060,425
1406,57,1060,424
1407,57,1061,425
1408,57,1061,424
1409,57,1061,423
1410,57,1062,424
1411,57,1062,425
1412,57,1063,425
1413,57,1063,433
1414,57,1063,424
1415,57,1063,423
1416,57,1064,434
1417,57,1065,425
1418,57,1065,424
1419,57,1066,425
1420,57,1066,435
1421,57,1067,425
1422,57,1068,425
1423,57,1068,424
1424,57,1068,436
1425,57,1068,433
1426,57,1068,437
1427,57,1068,438
1428,57,1068,439
1429,57,1068,440
1430,57,1069,425
1431,57,1070,424
1432,57,1070,425
1433,57,1072,425
4123,58,2136,351
4122,58,2131,461
4121,58,2128,281
4120,58,2116,216
4119,58,2114,281
4118,58,2114,349
4117,58,2114,91
4116,58,2114,279
4115,58,2114,154
4114,58,2114,153
4113,58,2111,216
4112,58,2142,460
4111,58,2140,459
4110,58,2140,458
4109,58,2136,389
4108,58,2134,457
4107,58,2115,456
4106,58,2114,456
4105,58,2139,455
4104,58,2138,454
4103,58,2136,453
4102,58,2136,452
4101,58,2135,830
4100,58,2134,450
4099,58,2134,449
4098,58,2132,449
4097,58,2131,444
4096,58,2131,448
4095,58,2131,447
4094,58,2131,379
4093,58,2131,446
4092,58,2125,445
4091,58,2124,445
4090,58,2122,445
4089,58,2121,445
4088,58,2115,444
4087,58,2114,443
4086,58,2114,442
4085,58,2113,444
4084,58,2113,441
4083,58,2112,443
4082,58,2112,442
4081,58,2112,444
4080,58,2112,441
4079,58,2111,190
4078,58,2111,444
4077,58,2111,443
4076,58,2111,442
4075,58,2111,441
4074,58,2139,28
4073,58,2139,183
4072,58,2139,27
4071,58,2137,28
4070,58,2137,27
4069,58,2136,5
4068,58,2136,183
4067,58,2136,27
4066,58,2135,28
4065,58,2135,183
4064,58,2135,27
4063,58,2132,28
4062,58,2132,27
4061,58,2129,28
4060,58,2129,183
4059,58,2129,4
4058,58,2115,183
4057,58,2115,4
4056,58,2113,183
4055,58,2113,4
4054,58,2113,15
4053,58,2110,183
4052,58,2110,4
4051,58,2107,183
4050,58,2149,2
4049,58,2149,14
4048,58,2149,22
1510,59,1122,28
1511,59,1126,462
1512,60,1127,16
1513,60,1127,4
1514,60,1127,25
1515,60,1131,446
1516,61,1132,26
1517,61,1132,27
1518,61,1132,28
1519,61,1132,5
1520,61,1135,452
1521,62,1137,26
1522,62,1137,27
1523,62,1137,28
1524,62,1137,5
1525,62,1140,450
1526,63,1141,26
1527,63,1141,9
1528,63,1141,27
1529,63,1141,28
1530,63,1141,5
1531,63,1148,449
1532,64,1149,29
1533,64,1149,4
1534,64,1156,463
1535,65,1158,4
1536,65,1158,183
1537,65,1162,444
1538,66,1164,4
1539,66,1169,379
1540,67,1206,1
1541,67,1206,7
1542,67,1206,18
1543,67,1171,21
1544,67,1171,15
1545,67,1175,23
1546,67,1176,21
1547,67,1176,23
1548,67,1178,21
1549,67,1178,23
1550,67,1178,15
1551,67,1179,21
1552,67,1180,21
1553,67,1180,24
1554,67,1181,19
1555,67,1181,21
1556,67,1182,21
1557,67,1182,24
1558,67,1182,23
1559,67,1182,12
1560,67,1184,21
1561,67,1184,23
1562,67,1184,15
1563,67,1184,11
1564,67,1185,15
1565,67,1185,21
1566,67,1185,28
1567,67,1188,21
1568,67,1189,21
1569,67,1189,28
1570,67,1191,26
1571,67,1191,21
1572,67,1191,23
1573,67,1192,19
1574,67,1192,21
1575,67,1192,11
1576,67,1192,15
1577,67,1193,15
1578,67,1193,21
1579,67,1194,21
1580,67,1194,24
1581,67,1195,21
1582,67,1195,19
1583,67,1195,24
1584,67,1195,23
1585,67,1196,21
1586,67,1196,15
1587,67,1196,181
1588,67,1197,19
1589,67,1197,21
1590,67,1197,24
1591,67,1198,12
1592,67,1198,15
1593,67,1198,21
1594,67,1199,21
1595,67,1199,23
1596,67,1199,24
1597,67,1201,21
1598,67,1201,15
1599,67,1203,21
1600,67,1203,15
1601,67,1175,464
1602,67,1177,465
1603,67,1177,466
1604,67,1177,189
1605,67,1178,46
1606,67,1179,467
1607,67,1179,46
1608,67,1181,464
1609,67,1182,468
1610,67,1182,469
1611,67,1184,470
1612,67,1184,471
1613,67,1188,472
1614,67,1188,473
1615,67,1188,469
1616,67,1188,232
1617,67,1188,474
1618,67,1189,475
1619,67,1192,476
1620,67,1196,189
1621,67,1196,185
1622,67,1196,172
1623,67,1198,477
1624,67,1199,46
1625,67,1179,478
1626,67,1188,479
1627,67,1192,396
1628,67,1171,402
1629,67,1171,91
1630,67,1171,279
1631,67,1171,102
1632,67,1171,480
1633,67,1171,398
1634,67,1171,147
1635,67,1171,146
1636,67,1172,91
1637,67,1172,279
1638,67,1174,91
1639,67,1174,279
1640,67,1174,94
1641,67,1174,481
1642,67,1175,91
1643,67,1175,402
1644,67,1175,102
1645,67,1176,101
1646,67,1176,353
1647,67,1176,91
1648,67,1177,482
1649,67,1177,147
1650,67,1177,148
1651,67,1177,279
1652,67,1178,91
1653,67,1179,91
1654,67,1179,95
1655,67,1180,402
1656,67,1181,279
1657,67,1181,402
1658,67,1181,91
1659,67,1182,91
1660,67,1182,406
1661,67,1182,279
1662,67,1182,147
1663,67,1182,483
1664,67,1182,484
1665,67,1182,402
1666,67,1184,146
1667,67,1184,101
1668,67,1184,484
1669,67,1184,279
1670,67,1184,91
1671,67,1185,154
1672,67,1186,91
1673,67,1186,95
1674,67,1186,107
1675,67,1187,279
1676,67,1187,154
1677,67,1188,91
1678,67,1188,279
1679,67,1189,402
1680,67,1189,91
1681,67,1192,154
1682,67,1192,279
1683,67,1194,402
1684,67,1194,91
1685,67,1195,402
1686,67,1195,279
1687,67,1195,358
1688,67,1195,147
1689,67,1196,279
1690,67,1196,485
1691,67,1197,91
1692,67,1197,486
1693,67,1197,487
1694,67,1197,488
1695,67,1197,489
1696,67,1197,490
1697,67,1197,491
1698,67,1198,91
1699,67,1199,91
1700,67,1199,406
1701,67,1200,91
1702,67,1200,107
1703,67,1201,279
1704,67,1202,279
1705,67,1202,154
1706,67,1202,91
1707,68,1223,1
1708,68,1223,7
1709,68,1223,17
1710,68,1207,23
1711,68,1207,21
1712,68,1207,15
1713,69,1240,7
1714,69,1240,1
1715,69,1240,17
1716,69,1225,15
1717,69,1225,26
1718,69,1225,16
1719,69,1225,4
1720,69,1225,23
1721,69,1225,21
1722,70,1253,1
1723,70,1253,7
1724,70,1242,15
1725,70,1242,26
1726,70,1242,16
1727,70,1242,4
1728,70,1242,23
1729,70,1242,21
1730,71,1265,1
1731,71,1265,7
1732,71,1265,17
1733,71,1254,21
1734,71,1254,16
1735,71,1254,25
1736,71,1254,4
1737,71,1254,492
1738,71,1256,493
1739,72,1288,1
1740,72,1288,7
1741,72,1288,2
1742,72,1267,16
1743,72,1267,181
1744,72,1267,25
1745,72,1267,21
1746,72,1271,492
1747,72,1271,494
1748,72,1271,495
1749,72,1271,496
1750,72,1271,497
1751,72,1271,498
1752,73,1356,7
1753,73,1356,1
1754,73,1356,17
1755,73,1293,15
1756,73,1293,16
1757,73,1293,4
1758,73,1293,23
1759,73,1293,21
1760,74,1527,1
1761,74,1358,3
1762,74,1358,11
1763,74,1358,25
1764,74,1358,8
1765,75,1535,1
1766,75,1532,3
1767,75,1532,11
1768,75,1532,25
1769,76,1542,1
1770,76,1539,3
1771,76,1539,11
1772,76,1539,25
1773,77,1553,1
1774,77,1544,11
1775,77,1544,25
1776,77,1544,8
1777,78,1556,13
1778,78,1556,17
1779,78,1556,18
1780,78,1554,20
1781,78,1554,11
1782,78,1554,23
1783,79,1560,13
1784,79,1560,17
1785,79,1560,18
1786,79,1557,11
1787,79,1557,20
1788,79,1557,23
1789,80,1571,13
1790,80,1571,17
1791,80,1571,18
1792,80,1562,11
1793,80,1562,20
1794,80,1562,23
1795,81,1582,1
1796,81,1582,17
1797,81,1582,2
1798,81,1572,3
1799,81,1572,4
1800,81,1572,11
1801,81,1572,5
1802,82,1592,1
1803,82,1592,17
1804,82,1592,2
1805,82,1587,3
1806,82,1587,4
1807,82,1587,11
1808,82,1587,25
1809,82,1587,5
1810,83,1612,13
1811,83,1612,18
1812,83,1596,12
1813,83,1596,19
1814,83,1596,10
1815,83,1596,11
1816,83,1596,20
1817,84,1670,1
1818,84,1670,13
1819,84,1670,2
1820,84,1670,18
1821,84,1615,12
1822,84,1615,19
1823,84,1615,3
1824,84,1615,10
1825,84,1615,20
1826,84,1615,23
1827,84,1615,28
1828,85,1714,1
1829,85,1714,17
1830,85,1714,14
1831,85,1714,18
1832,85,1714,2
1833,85,1671,23
1834,85,1671,19
1835,85,1671,11
1836,85,1673,12
1837,85,1673,19
1838,85,1673,11
1839,85,1674,12
1840,85,1674,23
1841,85,1674,11
1842,85,1675,12
1843,85,1675,11
1844,85,1676,12
1845,85,1676,10
1846,85,1676,4
1847,85,1676,11
1848,85,1680,12
1849,85,1680,10
1850,85,1680,11
1851,85,1686,12
1852,85,1686,10
1853,85,1686,6
1854,85,1686,11
1855,85,1686,5
1856,85,1690,12
1857,85,1690,10
1858,85,1690,11
1859,85,1690,5
1860,85,1701,12
1861,85,1701,10
1862,85,1701,4
1863,85,1701,6
1864,85,1701,11
1865,85,1701,5
1866,85,1672,379
1867,85,1673,200
1868,85,1673,190
1869,85,1674,308
1870,85,1674,329
1871,85,1674,189
1872,85,1674,499
1873,85,1674,500
1874,85,1676,300
1875,85,1705,501
1876,85,1677,200
1877,85,1678,200
1878,85,1678,308
1879,85,1678,329
1880,85,1678,501
1881,85,1706,329
1882,85,1680,329
1883,85,1680,501
1884,85,1680,310
1885,85,1681,329
1886,85,1707,501
1887,85,1682,329
1888,85,1682,501
1889,85,1683,501
1890,85,1683,502
1891,85,1683,503
1892,85,1683,188
1893,85,1683,504
1894,85,1685,501
1895,85,1685,310
1896,85,1685,505
1897,85,1685,200
1898,85,1685,329
1899,85,1685,506
1900,85,1686,310
1901,85,1686,507
1902,85,1686,508
1903,85,1686,509
1904,85,1688,310
1905,85,1689,507
1906,85,1689,510
1907,85,1689,325
1908,85,1689,511
1909,85,1708,506
1910,85,1690,506
1911,85,1690,501
1912,85,1690,512
1913,85,1691,501
1914,85,1692,506
1915,85,1693,506
1916,85,1694,506
1917,85,1694,329
1918,85,1695,329
1919,85,1695,501
1920,85,1696,506
1921,85,1697,501
1922,85,1697,329
1923,85,1697,506
1924,85,1698,506
1925,85,1698,507
1926,85,1698,510
1927,85,1699,200
1928,85,1700,310
1929,85,1701,310
1930,85,1701,329
1931,85,1701,501
1932,85,1701,200
1933,85,1702,506
1934,85,1672,212
1935,85,1672,259
1936,85,1672,513
1937,85,1672,396
1938,85,1672,514
1939,85,1672,339
1940,85,1672,334
1941,85,1672,207
1942,85,1672,515
1943,85,1672,516
1944,85,1673,212
1945,85,1673,262
1946,85,1675,212
1947,85,1676,212
1948,85,1677,212
1949,85,1685,517
1950,85,1685,212
1951,85,1685,332
1952,85,1685,518
1953,85,1686,332
1954,85,1693,212
1955,85,1694,212
1956,85,1694,518
1957,85,1697,212
1958,85,1699,212
1959,85,1700,332
1960,85,1701,212
1961,85,1702,212
1962,85,1702,332
1963,85,1673,280
1964,85,1673,154
1965,85,1674,217
1966,85,1679,285
1967,85,1679,343
1968,85,1679,279
1969,85,1707,279
1970,85,1713,343
1971,85,1713,283
1972,85,1713,284
1973,85,1713,519
1974,85,1713,520
1975,85,1713,521
1976,85,1713,286
1977,85,1713,350
1978,85,1713,522
1979,85,1713,523
1980,85,1713,524
1981,85,1713,525
1982,85,1713,526
1983,85,1713,527
1984,85,1713,354
1985,85,1713,528
1986,85,1713,351
1987,85,1683,279
1988,85,1683,213
1989,85,1685,146
1990,85,1686,279
1991,85,1686,154
1992,85,1687,529
1993,85,1689,279
1994,86,1715,12
1995,86,1715,11
1996,86,1715,5
1997,86,1715,507
1998,86,1715,510
1999,86,1715,501
2000,86,1715,212
2001,86,1715,530
2002,86,1715,531
2003,86,1715,339
2004,86,1715,279
3633,87,1981,402
3632,87,1978,605
3631,87,1976,398
3630,87,1975,424
3629,87,1974,424
3628,87,1971,148
3627,87,1970,101
3626,87,1970,102
3625,87,1969,604
3624,87,1969,603
3623,87,1969,602
3622,87,1969,601
3621,87,1969,600
3620,87,1969,599
3619,87,1969,598
3618,87,1969,597
3617,87,1969,596
3616,87,1969,595
3615,87,1969,398
3614,87,1969,402
3613,87,1968,423
3612,87,1967,593
3611,87,1967,594
3610,87,1967,423
3609,87,1967,424
3608,87,1967,148
3607,87,1967,146
3606,87,1967,353
3605,87,1966,593
3604,87,1966,423
3603,87,1965,148
3602,87,1964,423
3601,87,1964,148
3600,87,1964,592
3599,87,1963,146
3598,87,1963,115
3597,87,1963,101
3596,87,1963,113
3595,87,1963,148
3594,87,1962,148
3593,87,1960,424
3592,87,1960,591
3591,87,1956,590
3590,87,1955,587
3589,87,1955,148
3588,87,1955,589
3587,87,1955,588
3586,87,1953,148
3585,87,1953,587
3584,87,1953,423
3583,87,1951,586
3582,87,1951,585
3581,87,1951,423
3580,87,1981,584
3579,87,1981,549
3578,87,1980,549
3577,87,1980,583
3576,87,1979,549
3575,87,1978,582
3574,87,1978,581
3573,87,1978,565
3572,87,1978,580
3571,87,1975,565
3570,87,1974,565
3569,87,1972,566
3568,87,1972,565
3567,87,1972,569
3566,87,1972,579
3565,87,1970,578
3564,87,1970,577
3563,87,1970,576
3562,87,1970,575
3561,87,1970,574
3560,87,1970,573
3559,87,1970,572
3558,87,1969,571
3557,87,1969,570
3556,87,1969,569
3555,87,1969,568
3554,87,1969,567
3553,87,1969,566
3552,87,1969,565
3551,87,1969,564
3550,87,1969,563
3549,87,1969,562
3548,87,1969,561
3547,87,1969,560
3546,87,1969,559
3545,87,1969,558
3544,87,1969,557
3543,87,1969,556
3542,87,1969,555
3541,87,1969,554
3540,87,1969,553
3539,87,1969,552
3538,87,1964,551
3537,87,1964,550
3536,87,1964,549
3535,87,1963,548
3534,87,1962,547
3533,87,1951,546
3532,87,1981,537
3531,87,1980,537
3530,87,1980,829
3529,87,1978,533
3528,87,1978,544
3527,87,1971,537
3526,87,1971,543
3525,87,1970,533
3524,87,1968,543
3523,87,1966,542
3522,87,1966,534
3521,87,1966,541
3520,87,1966,540
3519,87,1966,537
3518,87,1966,539
3517,87,1966,532
3516,87,1966,538
3515,87,1964,532
3514,87,1964,536
3513,87,1964,537
3512,87,1963,536
3511,87,1962,536
3510,87,1956,535
3509,87,1956,534
3508,87,1955,533
3507,87,1953,532
3506,87,1951,532
3505,87,1978,15
3504,87,1977,21
3503,87,1977,15
3502,87,1976,15
3501,87,1976,21
3500,87,1976,23
3499,87,1975,15
3498,87,1975,21
3497,87,1974,15
3496,87,1974,21
3495,87,1973,15
3494,87,1973,21
3493,87,1972,21
3492,87,1971,21
3491,87,1971,15
3490,87,1970,21
3489,87,1970,15
3488,87,1969,15
3487,87,1969,21
3486,87,1968,21
3485,87,1968,15
3484,87,1967,21
3483,87,1966,21
3482,87,1965,21
3481,87,1965,23
3480,87,1964,15
3479,87,1964,28
3478,87,1964,21
3477,87,1964,23
3476,87,1963,26
3475,87,1963,21
3474,87,1962,23
3473,87,1962,21
3472,87,1961,23
3471,87,1960,23
3470,87,1960,21
3469,87,1959,28
3468,87,1959,23
3467,87,1958,15
3466,87,1958,28
3465,87,1957,15
3464,87,1957,28
3463,87,1956,28
3462,87,1956,23
3461,87,1956,15
3460,87,1955,15
3459,87,1954,23
3458,87,1954,15
3457,87,1953,21
3456,87,1953,15
3455,87,1952,23
3454,87,1952,21
3453,87,1951,21
3452,87,1986,1
3451,87,1986,13
4206,105,2192,834
3722,88,1999,218
3721,88,1991,616
3720,88,1991,615
3719,88,1990,217
3718,88,1989,217
3717,88,1989,357
3716,88,1988,350
3715,88,1988,217
3714,88,1999,212
3713,88,1988,614
3712,88,1988,613
3711,88,1988,333
3710,88,1987,612
3709,88,1987,392
3708,88,2000,190
3707,88,2000,186
3706,88,1999,610
3705,88,1999,609
3704,88,1999,191
3703,88,1999,294
3702,88,1999,189
3701,88,1999,186
3700,88,1997,186
3699,88,1996,186
3698,88,1994,190
3697,88,1994,186
3696,88,1993,190
3695,88,1993,608
3694,88,1992,186
3693,88,1992,190
3692,88,1991,294
3691,88,1991,186
3690,88,1991,190
3689,88,1991,195
3688,88,1991,229
3687,88,1991,606
3686,88,1990,200
3685,88,1990,607
3684,88,1990,606
3683,88,1990,186
3682,88,1989,200
3681,88,1989,190
3680,88,1989,186
3679,88,1988,200
3678,88,1988,190
3677,88,1988,186
3676,88,1987,190
3675,88,1987,186
3674,88,2000,5
3673,88,2000,9
3672,88,2000,4
3671,88,2000,10
3670,88,1999,5
3669,88,1999,11
3668,88,1999,27
3667,88,1999,181
3666,88,1999,10
3665,88,1999,3
3664,88,1998,5
3663,88,1998,9
3662,88,1998,181
3661,88,1998,4
3660,88,1997,5
3659,88,1997,27
3658,88,1997,9
3657,88,1997,10
3656,88,1995,5
3655,88,1995,9
3654,88,1995,181
3653,88,1995,4
3652,88,1993,5
3651,88,1993,23
3650,88,1993,10
3649,88,1991,5
3648,88,1991,182
3647,88,1991,23
3646,88,1991,181
3645,88,1991,4
3644,88,1991,10
3643,88,1990,5
3642,88,1990,23
3641,88,1990,10
3640,88,1990,15
3639,88,1987,5
3638,88,1987,4
3637,88,1987,10
3636,88,2006,18
3635,88,2006,14
3634,88,2006,13
2278,89,1775,4
2279,89,1775,23
2280,89,1776,190
3837,90,2020,424
3836,90,2020,148
3835,90,2020,423
3834,90,2018,648
3833,90,2018,424
3832,90,2017,148
3831,90,2016,130
3830,90,2016,647
3829,90,2016,646
3828,90,2016,645
3827,90,2016,644
3826,90,2016,643
3825,90,2016,589
3824,90,2016,642
3823,90,2016,353
3822,90,2016,146
3821,90,2016,402
3820,90,2016,641
3819,90,2016,640
3818,90,2016,639
3817,90,2016,148
3816,90,2016,101
3815,90,2015,424
3814,90,2012,424
3813,90,2011,424
3812,90,2008,423
3811,90,2008,424
3810,90,2007,424
3809,90,2020,638
3808,90,2020,627
3807,90,2019,627
3806,90,2018,627
3805,90,2017,632
3804,90,2017,637
3803,90,2017,629
3802,90,2016,630
3801,90,2016,636
3800,90,2016,635
3799,90,2016,634
3798,90,2016,633
3797,90,2013,627
3796,90,2013,632
3795,90,2012,627
3794,90,2012,628
3793,90,2011,628
3792,90,2011,631
3791,90,2011,630
3790,90,2011,627
3789,90,2010,627
3788,90,2010,628
3787,90,2009,627
3786,90,2008,629
3785,90,2008,628
3784,90,2008,627
3783,90,2007,627
3782,90,2020,624
3781,90,2017,624
3780,90,2017,626
3779,90,2016,624
3778,90,2015,625
3777,90,2014,625
3776,90,2013,624
3775,90,2012,623
3774,90,2012,624
3773,90,2011,624
3772,90,2010,623
3771,90,2010,622
3770,90,2009,617
3769,90,2009,622
3768,90,2008,621
3767,90,2008,620
3766,90,2008,619
3765,90,2008,618
3764,90,2008,172
3763,90,2008,366
3762,90,2008,535
3761,90,2008,617
3760,90,2020,26
3759,90,2020,11
3758,90,2020,20
3757,90,2018,11
3756,90,2018,20
3755,90,2017,5
3754,90,2017,20
3753,90,2017,11
3752,90,2016,20
3751,90,2016,11
3750,90,2015,11
3749,90,2015,20
3748,90,2014,5
3747,90,2014,27
3746,90,2014,181
3745,90,2014,20
3744,90,2013,11
3743,90,2013,20
3742,90,2013,5
3741,90,2012,11
3740,90,2012,20
3739,90,2012,26
3738,90,2011,182
3737,90,2011,11
3736,90,2011,20
3735,90,2010,26
3734,90,2010,20
3733,90,2010,11
3732,90,2010,27
3731,90,2009,11
3730,90,2009,20
3729,90,2008,26
3728,90,2008,23
3727,90,2008,20
3726,90,2008,11
3725,90,2021,1
3724,90,2021,17
3723,90,2021,13
2396,91,1792,20
2397,91,1792,11
2398,91,1792,23
2399,91,1792,622
2400,91,1792,617
2401,91,1792,649
2402,91,1792,650
2403,91,1792,651
2404,91,1792,629
2405,91,1792,627
2406,91,1792,652
2407,91,1792,653
2408,91,1792,654
2409,92,1823,7
2410,92,1823,2
2411,92,1823,1
2412,92,1795,16
2413,92,1795,21
2414,92,1795,25
2415,92,1796,21
2416,92,1796,25
2417,92,1796,16
2418,92,1796,26
2419,92,1797,181
2420,92,1797,25
2421,92,1797,21
2422,92,1798,21
2423,92,1798,25
2424,92,1798,181
2425,92,1798,4
2426,92,1799,16
2427,92,1799,23
2428,92,1799,21
2429,92,1800,11
2430,92,1800,16
2431,92,1800,23
2432,92,1800,5
2433,92,1801,23
2434,92,1802,11
2435,92,1802,16
2436,92,1802,25
2437,92,1803,11
2438,92,1803,28
2439,92,1803,16
2440,92,1803,25
2441,92,1804,11
2442,92,1804,16
2443,92,1804,3
2444,92,1805,11
2445,92,1805,16
2446,92,1805,28
2447,92,1805,19
2448,92,1806,11
2449,92,1806,25
2450,92,1806,16
2451,92,1807,11
2452,92,1807,25
2453,92,1807,4
2454,92,1807,16
2455,92,1808,25
2456,92,1808,181
2457,92,1809,181
2458,92,1809,25
2459,92,1810,16
2460,92,1810,4
2461,92,1810,25
2462,92,1811,11
2463,92,1811,21
2464,92,1811,25
2465,92,1811,16
2466,92,1812,21
2467,92,1812,25
2468,92,1812,16
2469,92,1812,15
2470,92,1812,23
2471,92,1813,16
2472,92,1813,15
2473,92,1813,3
2474,92,1814,5
2475,92,1814,16
2476,92,1814,11
2477,92,1815,21
2478,92,1815,25
2479,92,1815,16
2480,92,1815,11
2481,92,1816,21
2482,92,1816,25
2483,92,1816,8
2484,92,1816,16
2485,92,1816,29
2486,92,1817,16
2487,92,1817,4
2488,92,1818,11
2489,92,1818,25
2490,92,1818,21
2491,92,1818,23
2492,92,1818,28
2493,92,1796,655
2494,92,1796,656
2495,92,1796,495
2496,92,1796,657
2497,92,1796,496
2498,92,1796,492
2499,92,1797,658
2500,92,1797,659
2501,92,1798,537
2502,92,1798,492
2503,92,1798,660
2504,92,1798,494
2505,92,1798,661
2506,92,1800,662
2507,92,1800,663
2508,92,1800,664
2509,92,1802,663
2510,92,1802,665
2511,92,1802,662
2512,92,1802,666
2513,92,1802,667
2514,92,1802,668
2515,92,1802,669
2516,92,1803,665
2517,92,1803,662
2518,92,1804,664
2519,92,1804,670
2520,92,1804,663
2521,92,1804,497
2522,92,1804,671
2523,92,1805,497
2524,92,1805,672
2525,92,1805,673
2526,92,1805,496
2527,92,1805,674
2528,92,1805,675
2529,92,1806,663
2530,92,1806,497
2531,92,1806,673
2532,92,1807,676
2533,92,1807,664
2534,92,1807,677
2535,92,1807,678
2536,92,1807,679
2537,92,1807,498
2538,92,1808,657
2539,92,1808,680
2540,92,1808,681
2541,92,1808,682
2542,92,1808,495
2543,92,1808,497
2544,92,1808,683
2545,92,1808,673
2546,92,1808,496
2547,92,1809,496
2548,92,1809,495
2549,92,1810,537
2550,92,1810,684
2551,92,1811,497
2552,92,1811,672
2553,92,1811,663
2554,92,1811,537
2555,92,1811,685
2556,92,1811,671
2557,92,1812,671
2558,92,1813,663
2559,92,1813,686
2560,92,1813,672
2561,92,1813,670
2562,92,1813,537
2563,92,1813,687
2564,92,1817,670
2565,92,1817,663
2566,92,1795,688
2567,92,1796,689
2568,92,1796,690
2569,92,1796,691
2570,92,1800,688
2571,92,1800,689
2572,92,1802,688
2573,92,1804,688
2574,92,1804,692
2575,92,1805,693
2576,92,1805,688
2577,92,1806,688
2578,92,1806,689
2579,92,1806,692
2580,92,1806,694
2581,92,1806,695
2582,92,1807,688
2583,92,1807,689
2584,92,1807,696
2585,92,1808,688
2586,92,1808,689
2587,92,1808,697
2588,92,1810,698
2589,92,1811,688
2590,92,1812,699
2591,92,1814,692
2592,92,1814,700
2593,92,1814,694
2594,92,1815,688
2595,92,1815,693
2596,92,1815,692
2597,92,1816,689
2598,92,1818,688
2599,92,1818,689
2600,92,1795,148
2601,92,1795,423
2602,92,1796,147
2603,92,1796,91
2604,92,1796,148
2605,92,1796,423
2606,92,1796,701
2607,92,1797,148
2608,92,1798,593
2609,92,1798,402
2610,92,1798,139
2611,92,1798,101
2612,92,1798,121
2613,92,1798,146
2614,92,1798,148
2615,92,1799,148
2616,92,1799,423
2617,92,1799,702
2618,92,1799,358
2619,92,1800,148
2620,92,1800,353
2621,92,1800,423
2622,92,1800,406
2623,92,1800,150
2624,92,1800,703
2625,92,1801,148
2626,92,1801,150
2627,92,1801,149
2628,92,1801,704
2629,92,1802,703
2630,92,1803,148
2631,92,1805,593
2632,92,1805,148
2633,92,1805,353
2634,92,1805,423
2635,92,1806,353
2636,92,1806,423
2637,92,1806,593
2638,92,1806,705
2639,92,1807,148
2640,92,1807,150
2641,92,1807,706
2642,92,1807,438
2643,92,1807,424
2644,92,1808,353
2645,92,1808,148
2646,92,1810,148
2647,92,1811,148
2648,92,1812,148
2649,92,1812,402
2650,92,1812,353
2651,92,1812,101
2652,92,1813,148
2653,92,1814,148
2654,92,1815,148
2655,92,1818,148
2656,93,1824,25
2657,93,1824,29
2658,93,1824,16
2659,93,1824,492
2660,93,1824,495
2661,93,1824,494
2662,93,1824,680
2663,93,1824,707
2664,93,1824,708
2665,93,1824,709
2666,93,1824,689
2667,94,1827,25
2668,94,1827,11
2669,94,1827,5
2670,94,1827,181
2671,94,1827,16
2672,94,1827,28
2673,94,1827,497
2674,94,1827,708
2675,94,1827,495
2676,94,1827,710
2677,94,1827,683
2678,94,1828,662
2679,94,1828,497
2680,94,1827,695
2681,94,1827,689
2682,94,1827,694
2683,94,1828,693
2684,94,1828,711
2685,94,1828,692
2686,94,1828,712
2687,95,1831,11
2688,95,1831,25
2689,95,1831,16
2690,95,1831,26
2691,95,1831,713
2692,95,1831,714
2693,95,1831,715
2694,95,1831,716
2695,95,1831,717
2696,96,1834,25
2697,96,1834,16
2698,96,1834,673
2699,96,1834,718
2700,96,1834,664
2701,96,1834,495
2702,96,1834,497
2703,96,1834,679
2704,96,1834,719
2705,96,1834,689
2706,97,1860,1
2707,97,1860,2
2708,97,1860,7
2709,97,1860,14
2710,97,1837,4
2711,97,1837,11
2712,97,1838,4
2713,97,1838,21
2714,97,1838,23
2715,97,1838,15
2716,97,1839,21
2717,97,1839,4
2718,97,1839,3
2719,97,1840,4
2720,97,1840,20
2721,97,1840,23
2722,97,1840,3
2723,97,1841,4
2724,97,1841,21
2725,97,1842,21
2726,97,1842,4
2727,97,1842,24
2728,97,1842,26
2729,97,1843,28
2730,97,1843,21
2731,97,1843,4
2732,97,1844,21
2733,97,1844,4
2734,97,1844,9
2735,97,1844,5
2736,97,1845,28
2737,97,1845,21
2738,97,1846,4
2739,97,1846,11
2740,97,1847,181
2741,97,1848,11
2742,97,1848,4
2743,97,1848,181
2744,97,1849,4
2745,97,1849,11
2746,97,1849,3
2747,97,1851,4
2748,97,1851,11
2749,97,1853,4
2750,97,1853,11
2751,97,1854,4
2752,97,1854,11
2753,97,1855,4
2754,97,1855,11
2755,97,1856,4
2756,97,1856,11
2757,97,1857,4
2758,97,1857,11
2759,97,1858,4
2760,97,1858,21
2761,97,1858,11
2762,97,1838,656
2763,97,1838,537
2764,97,1838,720
2765,97,1839,663
2766,97,1839,672
2767,97,1840,537
2768,97,1841,537
2769,97,1842,721
2770,97,1842,722
2771,97,1843,537
2772,97,1846,537
2773,97,1846,723
2774,97,1846,497
2775,97,1847,537
2776,97,1848,537
2777,97,1848,724
2778,97,1849,537
2779,97,1849,725
2780,97,1850,726
2781,97,1850,727
2782,97,1850,728
2783,97,1850,723
2784,97,1850,535
2785,97,1850,729
2786,97,1850,537
2787,97,1851,626
2788,97,1851,730
2789,97,1851,660
2790,97,1852,731
2791,97,1853,732
2792,97,1853,730
2793,97,1853,733
2794,97,1857,537
2795,97,1858,537
2796,97,1836,734
2797,97,1836,735
2798,97,1841,689
2799,97,1846,736
2800,97,1848,736
2801,97,1849,736
2802,97,1849,629
2803,97,1850,629
2804,97,1851,736
2805,97,1851,629
2806,97,1851,737
2807,97,1852,698
2808,97,1853,738
2809,97,1853,629
2810,97,1853,739
2811,97,1854,738
2812,97,1856,740
2813,97,1856,741
2814,97,1856,742
2815,97,1857,742
2816,97,1857,698
2817,97,1857,743
2818,97,1857,734
2819,97,1857,744
2820,97,1858,698
2821,97,1836,423
2822,97,1836,745
2823,97,1836,148
2824,97,1837,148
2825,97,1838,423
2826,97,1838,148
2827,97,1838,358
2828,97,1838,101
2829,97,1841,746
2830,97,1842,747
2831,97,1842,423
2832,97,1842,148
2833,97,1842,340
2834,97,1842,150
2835,97,1842,748
2836,97,1842,749
2837,97,1843,423
2838,97,1843,353
2839,97,1843,148
2840,97,1844,750
2841,97,1844,751
2842,97,1844,423
2843,97,1845,423
2844,97,1846,148
2845,97,1846,752
2846,97,1846,423
2847,97,1847,752
2848,97,1847,423
2849,97,1848,752
2850,97,1848,148
2851,97,1848,423
2852,97,1849,148
2853,97,1849,150
2854,97,1849,279
2855,97,1849,112
2856,97,1850,148
2857,97,1850,753
2858,97,1850,150
2859,97,1850,149
2860,97,1854,754
2861,97,1854,755
2862,97,1854,756
2863,97,1854,148
2864,97,1856,703
2865,97,1856,150
2866,97,1856,757
2867,97,1857,705
2868,97,1857,758
2869,97,1857,759
2870,97,1857,760
2871,97,1858,148
2872,97,1858,423
2873,98,1887,13
2874,98,1887,14
2875,98,1887,2
2876,98,1887,17
2877,98,1861,11
2878,98,1861,3
2879,98,1861,10
2880,98,1861,20
2881,98,1861,23
2882,98,1862,3
2883,98,1862,11
2884,98,1862,182
2885,98,1862,12
2886,98,1862,10
2887,98,1862,20
2888,98,1863,3
2889,98,1863,11
2890,98,1863,20
2891,98,1864,11
2892,98,1864,20
2893,98,1864,3
2894,98,1864,26
2895,98,1865,11
2896,98,1865,20
2897,98,1865,5
2898,98,1866,11
2899,98,1866,3
2900,98,1866,20
2901,98,1867,3
2902,98,1867,20
2903,98,1867,11
2904,98,1868,11
2905,98,1868,3
2906,98,1868,20
2907,98,1869,11
2908,98,1869,3
2909,98,1869,20
2910,98,1870,3
2911,98,1871,10
2912,98,1871,3
2913,98,1871,23
2914,98,1872,3
2915,98,1872,20
2916,98,1873,3
2917,98,1874,11
2918,98,1874,20
2919,98,1875,3
2920,98,1875,11
2921,98,1876,3
2922,98,1876,20
2923,98,1876,24
2924,98,1877,3
2925,98,1877,20
2926,98,1877,11
2927,98,1878,20
2928,98,1878,3
2929,98,1878,11
2930,98,1879,3
2931,98,1879,11
2932,98,1879,20
2933,98,1880,28
2934,98,1880,11
2935,98,1881,11
2936,98,1882,11
2937,98,1882,3
2938,98,1882,20
2939,98,1882,23
2940,98,1861,761
2941,98,1861,493
2942,98,1861,762
2943,98,1861,535
2944,98,1862,535
2945,98,1863,535
2946,98,1863,763
2947,98,1863,764
2948,98,1863,765
2949,98,1863,766
2950,98,1863,626
2951,98,1864,626
2952,98,1864,767
2953,98,1865,626
2954,98,1865,767
2955,98,1866,626
2956,98,1867,626
2957,98,1868,626
2958,98,1869,626
2959,98,1870,626
2960,98,1870,767
2961,98,1870,768
2962,98,1871,626
2963,98,1871,535
2964,98,1872,626
2965,98,1872,769
2966,98,1873,626
2967,98,1874,626
2968,98,1875,626
2969,98,1876,626
2970,98,1876,493
2971,98,1876,770
2972,98,1876,771
2973,98,1877,626
2974,98,1878,626
2975,98,1879,626
2976,98,1879,772
2977,98,1879,773
2978,98,1880,626
2979,98,1880,774
2980,98,1881,626
2981,98,1882,626
2982,98,1861,629
2983,98,1861,775
2984,98,1861,695
2985,98,1861,734
2986,98,1863,629
2987,98,1864,695
2988,98,1864,694
2989,98,1864,629
2990,98,1865,629
2991,98,1866,776
2992,98,1867,629
2993,98,1868,629
2994,98,1869,629
2995,98,1872,629
2996,98,1874,629
2997,98,1875,629
2998,98,1876,212
2999,98,1876,629
3000,98,1877,629
3001,98,1878,629
3002,98,1881,629
3003,98,1882,629
3004,98,1861,423
3005,98,1861,148
3006,98,1862,148
3007,98,1862,423
3008,98,1862,353
3009,98,1862,101
3010,98,1863,101
3011,98,1863,148
3012,98,1865,353
3013,98,1865,121
3014,98,1865,101
3015,98,1865,647
3016,98,1865,148
3017,98,1868,279
3018,98,1868,353
3019,98,1868,777
3020,98,1868,148
3021,98,1869,148
3022,98,1869,279
3023,98,1869,778
3024,98,1870,704
3025,98,1871,704
3026,98,1871,148
3027,98,1871,149
3028,98,1871,150
3029,98,1871,279
3030,98,1872,213
3031,98,1873,150
3032,98,1873,703
3033,98,1874,148
3034,98,1874,423
3035,98,1876,703
3036,98,1876,148
3037,98,1876,779
3038,98,1876,777
3039,98,1876,340
3040,98,1876,780
3041,98,1876,279
3042,98,1876,423
3043,98,1876,781
3044,98,1876,782
3045,98,1876,783
3046,98,1876,784
3047,98,1876,785
3048,98,1876,353
3049,98,1877,148
3050,98,1878,148
3051,98,1879,424
3052,98,1880,148
3053,98,1881,593
3054,98,1882,148
3055,99,1888,11
3056,99,1888,26
3057,99,1888,10
3058,99,1888,20
3059,99,1888,3
3060,99,1888,626
3061,99,1888,786
3062,99,1889,626
3063,99,1889,366
3064,99,1889,787
3065,99,1889,767
3066,99,1889,786
3067,99,1890,786
3068,99,1890,788
3069,99,1890,655
3070,99,1890,626
3071,99,1891,786
3072,99,1891,626
3073,99,1891,535
3074,99,1891,789
3075,99,1892,786
3076,99,1892,790
3077,99,1893,626
3078,99,1893,791
3079,99,1893,790
3080,99,1893,767
3081,99,1894,626
3082,99,1894,535
3083,99,1894,766
3084,99,1894,792
3085,99,1895,626
3086,99,1895,767
3087,99,1896,626
3088,99,1896,767
3089,99,1897,767
3090,99,1897,626
3091,99,1893,694
3092,99,1893,629
3093,99,1894,629
3094,99,1895,629
3095,99,1897,694
3096,99,1897,695
3097,99,1897,793
3098,99,1897,629
3099,100,1900,7
3100,100,1900,1
3101,100,1900,2
3102,100,1900,17
3103,100,1900,16
3104,100,1900,23
3105,100,1900,181
3106,101,1902,17
3107,101,1902,1
3108,101,1902,7
3109,101,1902,21
3110,101,1902,23
3111,101,1902,4
3112,102,1903,7
3113,102,1903,2
3114,102,1903,1
3115,102,1903,17
3116,102,1903,21
3117,102,1903,23
3118,103,1904,1
3119,103,1904,2
3120,103,1904,17
3121,103,1904,23
3122,103,1904,21
4205,105,2186,833
3953,104,2040,95
3952,104,2039,828
3951,104,2039,95
3950,104,2039,827
3949,104,2039,826
3948,104,2038,91
3947,104,2037,91
3946,104,2037,105
3945,104,2037,825
3944,104,2037,824
3943,104,2036,95
3942,104,2034,95
3941,104,2034,823
3940,104,2033,95
3939,104,2033,102
3938,104,2033,822
3937,104,2032,821
3936,104,2032,95
3935,104,2029,820
3934,104,2029,281
3933,104,2028,146
3932,104,2028,819
3931,104,2025,639
3930,104,2025,95
3929,104,2025,102
3928,104,2025,91
3927,104,2024,102
3926,104,2023,102
3925,104,2023,95
3924,104,2039,810
3923,104,2037,818
3922,104,2035,817
3921,104,2034,816
3920,104,2032,815
3919,104,2032,814
3918,104,2032,813
3917,104,2028,812
3916,104,2028,811
3915,104,2025,810
3914,104,2023,809
3913,104,2040,69
3912,104,2040,46
3911,104,2039,39
3910,104,2039,802
3909,104,2039,800
3908,104,2039,31
3907,104,2039,46
3906,104,2038,46
3905,104,2037,808
3904,104,2037,805
3903,104,2037,802
3902,104,2037,800
3901,104,2037,46
3900,104,2036,806
3899,104,2036,46
3898,104,2035,805
3897,104,2035,46
3896,104,2034,804
3895,104,2034,803
3894,104,2034,802
3893,104,2033,472
3892,104,2033,802
3891,104,2033,46
3890,104,2032,802
3889,104,2032,800
3888,104,2030,46
3887,104,2028,799
3886,104,2025,798
3885,104,2024,797
3884,104,2024,796
3883,104,2024,795
3882,104,2023,794
3881,104,2039,4
3880,104,2039,8
3879,104,2039,183
3878,104,2038,23
3877,104,2038,4
3876,104,2038,19
3875,104,2035,4
3874,104,2035,183
3873,104,2033,23
3872,104,2033,183
3871,104,2033,21
3870,104,2033,19
3869,104,2032,23
3868,104,2032,183
3867,104,2032,19
3866,104,2031,23
3865,104,2031,4
3864,104,2031,10
3863,104,2031,183
3862,104,2031,182
3861,104,2029,23
3860,104,2029,4
3859,104,2029,183
3858,104,2028,23
3857,104,2028,10
3856,104,2028,183
3855,104,2027,28
3854,104,2027,23
3853,104,2027,183
3852,104,2027,21
3851,104,2026,23
3850,104,2026,183
3849,104,2026,181
3848,104,2026,19
3847,104,2024,23
3846,104,2024,183
3845,104,2024,16
3844,104,2024,21
3843,104,2024,19
3842,104,2022,23
3841,104,2022,183
3840,104,2022,19
3839,104,2042,18
3838,104,2042,7
4204,105,2185,832
4203,105,2184,499
4202,105,2184,500
4201,105,2184,830
4200,105,2178,830
4199,105,2174,830
4198,105,2171,830
4197,105,2171,833
4196,105,2170,256
4195,105,2163,832
4194,105,2163,831
4193,105,2162,832
4192,105,2162,253
4191,105,2159,455
4190,105,2159,253
4189,105,2159,190
4188,105,2153,830
4187,105,2196,830
4186,105,2150,830
4185,105,2194,28
4184,105,2194,6
4183,105,2194,27
4182,105,2194,183
4181,105,2194,5
4180,105,2194,3
4179,105,2186,28
4178,105,2186,6
4177,105,2184,28
4176,105,2184,183
4175,105,2184,27
4174,105,2179,28
4173,105,2179,4
4172,105,2179,9
4171,105,2174,28
4170,105,2174,9
4169,105,2172,28
4168,105,2172,5
4167,105,2168,3
4166,105,2168,23
4165,105,2168,9
4164,105,2167,28
4163,105,2167,27
4162,105,2166,28
4161,105,2166,27
4160,105,2166,183
4159,105,2166,3
4158,105,2165,27
4157,105,2165,28
4156,105,2165,3
4155,105,2165,5
4154,105,2162,28
4153,105,2162,4
4152,105,2162,5
4151,105,2160,28
4150,105,2160,27
4149,105,2160,12
4148,105,2160,5
4147,105,2159,28
4146,105,2159,183
4145,105,2159,4
4144,105,2153,6
4143,105,2153,29
4142,105,2153,28
4141,105,2153,9
4140,105,2153,5
4139,105,2152,28
4138,105,2152,183
4137,105,2152,3
4136,105,2152,5
4135,105,2151,28
4134,105,2151,9
4133,105,2151,5
4132,105,2150,28
4131,105,2150,23
4130,105,2150,27
4129,105,2150,9
4128,105,2150,12
4127,105,2150,183
4126,105,2150,5
4125,105,2207,14
4124,105,2207,22
4221,106,2208,840
4220,106,2208,839
4219,106,2208,838
4218,106,2208,837
4217,106,2208,836
4216,106,2208,830
4227,107,2211,279
4226,107,2211,190
4225,107,2211,842
4224,107,2211,832
4223,107,2210,841
4207,105,2193,835
4208,105,2152,843
4209,105,2178,843
4210,105,2152,154
4211,105,2152,279
4212,105,2153,154
4213,105,2165,154
4214,105,2170,279
4215,105,2176,154
4222,106,2208,154
4228,108,2213,832
4229,108,2215,844
4230,108,2216,835
4231,108,2216,190
4232,108,2216,845
4233,109,2248,22
4234,109,2248,7
4235,109,2219,5
4236,109,2219,9
4237,109,2220,5
4238,109,2220,9
4239,109,2220,29
4240,109,2223,846
4241,109,2223,5
4242,109,2223,4
4243,109,2224,846
4244,109,2224,5
4245,109,2224,4
4246,109,2224,29
4247,109,2226,5
4248,109,2226,9
4249,109,2228,5
4250,109,2228,26
4251,109,2228,9
4252,109,2229,5
4253,109,2229,9
4254,109,2229,26
4255,109,2229,23
4256,109,2231,846
4257,109,2231,5
4258,109,2231,9
4259,109,2236,846
4260,109,2236,5
4261,109,2236,9
4262,109,2236,28
4263,109,2240,846
4264,109,2240,5
4265,109,2240,9
4266,109,2240,27
4267,109,2240,28
4268,109,2219,325
4269,109,2220,325
4270,109,2220,847
4271,109,2222,193
4272,109,2223,224
4273,109,2224,847
4274,109,2226,848
4275,109,2226,380
4276,109,2226,227
4277,109,2226,185
4278,109,2228,848
4279,109,2229,848
4280,109,2230,227
4281,109,2230,380
4282,109,2230,849
4283,109,2230,848
4284,109,2231,203
4285,109,2231,229
4286,109,2233,850
4287,109,2234,850
4288,109,2235,251
4289,109,2235,192
4290,109,2235,850
4291,109,2235,851
4292,109,2236,251
4293,109,2236,192
4294,109,2236,851
4295,109,2237,192
4296,109,2238,852
4297,109,2238,853
4298,109,2239,851
4299,109,2239,229
4300,109,2239,228
4301,109,2239,192
4302,109,2239,189
4303,109,2239,223
4304,109,2240,229
4305,109,2240,851
4306,109,2240,842
4307,109,2240,854
4308,109,2226,855
4309,109,2226,856
4310,109,2227,855
4311,109,2228,855
4312,109,2228,857
4313,109,2230,855
4314,109,2233,858
4315,109,2218,216
4316,109,2219,279
4317,109,2222,216
4318,110,2249,859
4319,110,2249,242
4320,110,2251,855
4321,110,2249,855
4783,111,2369,423
4782,111,2369,148
4781,111,2368,760
4780,111,2368,759
4779,111,2368,758
4778,111,2368,705
4777,111,2367,757
4776,111,2367,150
4775,111,2367,703
4774,111,2365,148
4773,111,2365,756
4772,111,2365,755
4771,111,2365,754
4770,111,2361,149
4769,111,2361,150
4768,111,2361,753
4767,111,2361,148
4766,111,2360,150
4765,111,2360,279
4764,111,2360,148
4763,111,2359,423
4762,111,2359,148
4761,111,2359,752
4760,111,2358,423
4759,111,2358,752
4758,111,2357,423
4757,111,2357,752
4756,111,2357,148
4755,111,2356,423
4754,111,2355,423
4753,111,2355,751
4752,111,2355,750
4751,111,2354,148
4750,111,2354,353
4749,111,2354,423
4748,111,2353,749
4747,111,2353,748
4746,111,2353,150
4745,111,2353,340
4744,111,2353,148
4743,111,2353,423
4742,111,2353,747
4741,111,2352,746
4740,111,2349,101
4739,111,2349,862
4738,111,2349,148
4737,111,2349,423
4736,111,2348,148
4735,111,2347,148
4734,111,2347,745
4733,111,2347,423
4732,111,2368,744
4731,111,2368,734
4730,111,2368,743
4729,111,2368,698
4728,111,2368,742
4727,111,2367,742
4726,111,2367,741
4725,111,2367,740
4724,111,2365,738
4723,111,2364,739
4722,111,2364,629
4721,111,2364,738
4720,111,2362,737
4719,111,2362,629
4718,111,2362,736
4717,111,2361,629
4716,111,2360,629
4715,111,2360,736
4714,111,2359,736
4713,111,2357,736
4712,111,2352,689
4711,111,2347,735
4710,111,2347,734
4709,111,2369,537
4708,111,2368,537
4707,111,2364,733
4706,111,2364,730
4705,111,2364,732
4704,111,2363,731
4703,111,2362,660
4702,111,2362,730
4701,111,2362,626
4700,111,2361,537
4699,111,2361,729
4698,111,2361,535
4697,111,2361,723
4696,111,2361,728
4695,111,2361,727
4694,111,2361,726
4693,111,2360,725
4692,111,2360,537
4691,111,2359,724
4690,111,2359,537
4689,111,2358,537
4688,111,2357,497
4687,111,2357,723
4686,111,2357,537
4685,111,2354,537
4684,111,2353,722
4683,111,2353,721
4682,111,2352,861
4681,111,2352,537
4680,111,2352,860
4679,111,2351,537
4678,111,2350,672
4677,111,2350,663
4676,111,2349,720
4675,111,2349,537
4674,111,2369,11
4673,111,2369,21
4672,111,2369,4
4671,111,2368,11
4670,111,2368,4
4669,111,2367,11
4668,111,2367,4
4667,111,2366,11
4666,111,2366,4
4665,111,2365,11
4664,111,2365,4
4663,111,2364,11
4662,111,2364,4
4661,111,2362,11
4660,111,2362,4
4659,111,2360,3
4658,111,2360,11
4657,111,2360,4
4656,111,2359,181
4655,111,2359,4
4654,111,2359,11
4653,111,2358,181
4652,111,2357,11
4651,111,2357,4
4650,111,2356,21
4649,111,2356,28
4648,111,2355,5
4647,111,2355,9
4646,111,2355,4
4645,111,2355,21
4644,111,2354,4
4643,111,2354,21
4642,111,2354,28
4641,111,2353,26
4640,111,2353,24
4639,111,2353,4
4638,111,2353,21
4637,111,2352,21
4636,111,2352,4
4635,111,2351,3
4634,111,2351,23
4633,111,2351,20
4632,111,2351,4
4631,111,2350,3
4630,111,2350,4
4629,111,2350,21
4628,111,2349,15
4627,111,2349,23
4626,111,2349,21
4625,111,2349,4
4624,111,2348,11
4623,111,2348,4
4622,111,2371,14
4621,111,2371,7
4620,111,2371,2
4619,111,2371,1
4487,112,2311,1
4488,112,2311,17
4489,112,2311,7
4490,112,2311,2
4491,112,2277,3
4492,112,2278,3
4493,112,2278,5
4494,112,2278,20
4495,112,2279,3
4496,112,2280,3
4497,112,2281,3
4498,112,2282,3
4499,112,2283,3
4500,112,2283,11
4501,112,2283,12
4502,112,2283,20
4503,112,2284,3
4504,112,2284,11
4505,112,2285,3
4506,112,2288,3
4507,112,2288,4
4508,112,2289,3
4509,112,2289,4
4510,112,2294,3
4511,112,2300,3
4512,112,2300,11
4513,112,2302,3
4514,112,2277,863
4515,112,2277,864
4516,112,2278,865
4517,112,2278,866
4518,112,2278,867
4519,112,2279,868
4520,112,2285,869
4521,112,2283,870
4522,112,2284,871
4523,112,2284,872
4524,112,2284,873
4525,112,2285,873
4526,112,2277,101
4527,112,2277,91
4528,112,2278,112
4529,112,2278,874
4530,112,2278,875
4531,112,2278,876
4532,112,2278,150
4533,112,2278,877
4534,112,2279,878
4535,112,2279,879
4536,112,2279,119
4537,112,2280,112
4538,112,2280,101
4539,112,2280,119
4540,112,2280,139
4541,112,2280,121
4542,112,2280,118
4543,112,2281,113
4544,112,2283,423
4545,112,2284,102
4546,112,2284,398
4547,112,2284,880
4548,112,2285,880
4549,112,2286,880
4550,112,2289,880
4551,112,2289,881
4552,112,2293,880
4553,113,2346,1
4554,113,2346,17
4555,113,2346,7
4556,113,2346,2
4557,113,2312,3
4558,113,2313,3
4559,113,2313,5
4560,113,2313,20
4561,113,2314,3
4562,113,2315,3
4563,113,2316,3
4564,113,2317,3
4565,113,2318,3
4566,113,2318,11
4567,113,2318,12
4568,113,2318,20
4569,113,2319,3
4570,113,2319,11
4571,113,2320,3
4572,113,2323,3
4573,113,2323,4
4574,113,2324,3
4575,113,2324,4
4576,113,2329,3
4577,113,2335,3
4578,113,2335,11
4579,113,2337,3
4580,113,2312,863
4581,113,2312,864
4582,113,2313,865
4583,113,2313,866
4584,113,2313,867
4585,113,2314,868
4586,113,2320,869
4587,113,2318,870
4588,113,2319,871
4589,113,2319,872
4590,113,2319,873
4591,113,2320,873
4592,113,2312,101
4593,113,2312,91
4594,113,2313,112
4595,113,2313,874
4596,113,2313,875
4597,113,2313,876
4598,113,2313,150
4599,113,2313,877
4600,113,2314,878
4601,113,2314,879
4602,113,2314,119
4603,113,2315,112
4604,113,2315,101
4605,113,2315,119
4606,113,2315,139
4607,113,2315,121
4608,113,2315,118
4609,113,2316,113
4610,113,2318,423
4611,113,2319,102
4612,113,2319,398
4613,113,2319,880
4614,113,2320,880
4615,113,2321,880
4616,113,2324,880
4617,113,2324,881
4618,113,2328,880
4784,114,2388,1
4785,114,2388,17
4786,114,2388,2
4787,114,2388,14
4788,114,2373,3
4789,114,2373,11
4790,114,2373,12
4791,114,2373,10
4792,114,2374,19
4793,114,2374,11
4794,114,2374,10
4795,114,2374,4
4796,114,2374,181
4797,114,2375,19
4798,114,2375,11
4799,114,2375,846
4800,114,2375,8
4801,114,2375,12
4802,114,2375,16
4803,114,2375,20
4804,114,2376,3
4805,114,2376,11
4806,114,2376,12
4807,114,2376,26
4808,114,2376,20
4809,114,2378,3
4810,114,2378,11
4811,114,2378,12
4812,114,2378,26
4813,114,2379,3
4814,114,2379,11
4815,114,2379,5
4816,114,2379,12
4817,114,2379,29
4818,114,2379,6
4819,114,2380,3
4820,114,2380,11
4821,114,2380,12
4822,114,2380,29
4823,114,2381,11
4824,114,2381,5
4825,114,2381,12
4826,114,2382,3
4827,114,2382,11
4828,114,2382,183
4829,114,2382,5
4830,114,2382,12
4831,114,2383,3
4832,114,2383,11
4833,114,2383,12
4834,114,2384,3
4835,114,2384,11
4836,114,2384,12
4837,114,2384,28
4838,114,2373,200
4839,114,2373,189
4840,114,2373,311
4841,114,2374,189
4842,114,2375,323
4843,114,2375,328
4844,114,2375,882
4845,114,2375,326
4846,114,2375,200
4847,114,2375,324
4848,114,2375,325
4849,114,2376,200
4850,114,2376,189
4851,114,2376,186
4852,114,2376,300
4853,114,2376,188
4854,114,2376,302
4855,114,2377,300
4856,114,2377,200
4857,114,2378,188
4858,114,2378,200
4859,114,2378,883
4860,114,2379,884
4861,114,2379,885
4862,114,2379,300
4863,114,2379,200
4864,114,2379,311
4865,114,2379,325
4866,114,2380,311
4867,114,2380,886
4868,114,2380,190
4869,114,2380,887
4870,114,2380,888
4871,114,2380,889
4872,114,2381,505
4873,114,2381,325
4874,114,2381,890
4875,114,2381,891
4876,114,2382,200
4877,114,2382,311
4878,114,2373,212
4879,114,2373,339
4880,114,2373,892
4881,114,2374,212
4882,114,2376,333
4883,114,2376,212
4884,114,2376,336
4885,114,2376,335
4886,114,2376,893
4887,114,2378,212
4888,114,2379,892
4889,114,2379,894
4890,114,2379,339
4891,114,2379,893
4892,114,2379,212
4893,114,2379,332
4894,114,2380,334
4895,114,2380,339
4896,114,2380,892
4897,114,2381,339
4898,114,2382,339
4899,114,2384,212
4900,114,2384,339
4901,114,2373,279
4902,114,2373,213
4903,114,2373,280
4904,114,2373,154
4905,114,2373,895
4906,114,2373,350
4907,114,2373,287
4908,114,2374,280
4909,114,2374,896
4910,114,2374,213
4911,114,2376,213
4912,114,2376,152
4913,114,2376,527
4914,114,2376,897
4915,114,2376,102
4916,114,2376,154
4917,114,2379,154
4918,114,2379,287
4919,114,2380,279
4920,114,2380,521
4921,114,2380,148
4922,114,2380,520
4923,114,2380,898
4924,114,2380,899
4925,114,2380,900
4926,114,2381,279
4927,114,2382,900
4928,114,2382,521
